Joao,joao@teste.com,4093
Juba,juba@teste.com,5934
Lau,lau@teste.com,4545
Gisa,gisa@teste.com,7676
Mi,mi@teste.com,3667
Fefa,fefa@teste.com,4214
Lis,lis@teste.com,6433
Lice,lice@teste.com,4232
Bibia,bibia@teste.com,5231